id;nom;infobulle;commentaire
1;Cambridgeshire navigate Licensed;Fantastic indexing;Investment Account
2;haptic Shoes;models;driver payment Mexican Peso Mexican Unidad de Inversion (UDI)
3;port Money Market Account;Chips National Idaho;vortals value-added
4;Salad Connecticut;Generic Advanced;HDD Security Virginia
5;solid state Clothing deposit;Maine Checking Account markets;Unbranded programming District
6;Concrete;Pizza yellow programming;FTP
7;Persistent Investment Account;Handmade Plastic Mouse neural;Money Market Account
8;synergize;JSON National;interactive capacitor
9;Idaho Grocery;Concrete Towels Avon;Automotive frame
10;Indiana deposit Electronics;Bedfordshire Strategist;Towels applications
